Team Info,,Function Info,,,,Consumer Touchpoints,,,,,,,,,,
WMTO Team,WMTO Sub-team,Function,Content Lifecycle Area,Variable Data Point,Applications Supported,Content Production,Linear Networks,Sports,News,New WM DTC,Brand Extensions,Gaming,3rd Party Platforms,Consumer Products,Themed Entertainment,Enterprise Tech
Production & Distribution Technology Services,Platforms and Innovation,Test & integrate new technologies,Production,,,,x,x,x,x,x,,,,,
Production & Distribution Technology Services,Platforms and Innovation,Develop next generation video solutions,Production,,,,x,x,x,x,x,,,,,
Production & Distribution Technology Services,Platforms and Innovation,File patents to protect IP from innovations,Production,,,,x,x,x,x,x,,,,,
Production & Distribution Technology Services,Platforms and Innovation,Generate low-cost digital channels,Production,,,,x,x,x,x,x,,,,,
Production & Distribution Technology Services,Platforms and Innovation,ACR innovations,Production,,,,x,x,x,x,x,,,,,
Production & Distribution Technology Services,Platforms and Innovation,Video format leadership,Production,,,,x,x,x,x,x,,,,,
Production & Distribution Technology Services,Engineering Program and Capital Management,Initiatives Management,Production,,,,,,,,,,,,,x
Production & Distribution Technology Services,Engineering Program and Capital Management,ACE Development,Production,,,,,,,,,,,,,x
Production & Distribution Technology Services,Engineering Program and Capital Management,Project/Initiative Planning,Production,,,,,,,,,,,,,x
Production & Distribution Technology Services,Engineering Program and Capital Management,Creation and management of long-range technology programs,Production,,,,,,,,,,,,,x
Production & Distribution Technology Services,Engineering Program and Capital Management,"Engineering staff/portfolio management across Techwood, CNN Center and Hudson Yards",Production,,,,,,,,,,,,,x
Production & Distribution Technology Services,Engineering Program and Capital Management,Virtual production / in-camera visual effects,Production,,,,,,,,,,,,,x
Production & Distribution Technology Services,Engineering Program and Capital Management,Next-gen entertainment experience design,Production,,,,,,,,,,,,,x
Production & Distribution Technology Services,Engineering Program and Capital Management,Scripted film and television production creative solutions,Production,,,,,,,,,,,,,x
Production & Distribution Technology Services,Engineering Program and Capital Management,Marketing & Franchise Science,Production,,,,,,,,,,,,,x
Production & Distribution Technology Services,Engineering Program and Capital Management,Business Data Science,Production,,,,,,,,,,,,,x
Production & Distribution Technology Services,Engineering Program and Capital Management,Business Intelligence,Production,,,,,,,,,,,,,x
Production & Distribution Technology Services,Engineering Program and Capital Management,Marketing Operations,Production,,,,,,,,,,,,,x
Production & Distribution Technology Services,Global Playout Tranmission & Distribution Technology,Broadcast Origination,Production,,,,x,x,x,x,x,,,,,
Production & Distribution Technology Services,Global Playout Tranmission & Distribution Technology,Playout,Production,,,,x,x,x,x,x,,,,,
Production & Distribution Technology Services,Global Playout Tranmission & Distribution Technology,Master Control,Production,,,,x,x,x,x,x,,,,,
Production & Distribution Technology Services,Global Playout Tranmission & Distribution Technology,BIT,Production,,,,x,x,x,x,x,,,,,
Production & Distribution Technology Services,Global Playout Tranmission & Distribution Technology,Transport & Distribution,Production,,,,x,x,x,x,x,,,,,
Production & Distribution Technology Services,Global Playout Tranmission & Distribution Technology,Compression,Production,,,,x,x,x,x,x,,,,,
Production & Distribution Technology Services,Global Playout Tranmission & Distribution Technology,Uplinks,Production,,,,x,x,x,x,x,,,,,
Production & Distribution Technology Services,Global Playout Tranmission & Distribution Technology,IP Distribution,Production,,,,x,x,x,x,x,,,,,
Production & Distribution Technology Services,Global Playout Tranmission & Distribution Technology,IPTV,Production,,,,x,x,x,x,x,,,,,
Production & Distribution Technology Services,Global Playout Tranmission & Distribution Technology,Media WAN,Production,,,,x,x,x,x,x,,,,,
Production & Distribution Technology Services,Global Playout Tranmission & Distribution Technology,International production (Latin America),Production,,,,x,x,x,x,x,,,,,
Production & Distribution Technology Services,Global Playout Tranmission & Distribution Technology,Studios,Production,,,,x,x,x,x,x,,,,,
Production & Distribution Technology Services,Global Playout Tranmission & Distribution Technology,Edit/Post-Production,Production,,,,x,x,x,x,x,,,,,
Production & Distribution Technology Services,Global Playout Tranmission & Distribution Technology,Field Engineering,Production,,,,x,x,x,x,x,,,,,
Production & Distribution Technology Services,Global Playout Tranmission & Distribution Technology,Digital News Gathering,Production,,,,x,x,x,x,x,,,,,
Production & Distribution Technology Services,Global Playout Tranmission & Distribution Technology,Satellite News Gathering partnerships,Production,,,,x,x,x,x,x,,,,,
Production & Distribution Technology Services,Global Playout Tranmission & Distribution Technology,Bureaus and Production Centers,Production,,,,x,x,x,x,x,,,,,
Production & Distribution Technology Services,Global Playout Tranmission & Distribution Technology,Home Studios,Production,,,,x,x,x,x,x,,,,,
Production & Distribution Technology Services,Global Playout Tranmission & Distribution Technology,Live Production,Production,,,,x,x,x,x,x,,,,,
Production & Distribution Technology Services,Global Playout Tranmission & Distribution Technology,Studios,Production,,,,x,x,x,x,x,,,,,
Production & Distribution Technology Services,Global Playout Tranmission & Distribution Technology,Control Rooms,Production,,,,x,x,x,x,x,,,,,
Production & Distribution Technology Services,Global Playout Tranmission & Distribution Technology,Newsrooms,Production,,,,x,x,x,x,x,,,,,
Production & Distribution Technology Services,Global Playout Tranmission & Distribution Technology,Content Transmissions,Production,,,,x,x,x,x,x,,,,,
Production & Distribution Technology Services,Production Infrastructure Engineering,"Infrastructure architecture, both in cloud and on premises",Production,,,x,,,,,,,,,x,
Production & Distribution Technology Services,Production Infrastructure Engineering,Network Architecture and Operations,Production,,,x,,,,,,,,,x,
Production & Distribution Technology Services,Production Infrastructure Engineering,Compute and Storage Architecture and Operations,Production,,,x,,,,,,,,,x,
Production & Distribution Technology Services,Production Infrastructure Engineering,"Fundamental Services (authentication, security, OS deployment, etc.)",Production,,,x,,,,,,,,,x,
Production & Distribution Technology Services,Production Infrastructure Engineering,Cloud Plane Management,Production,,,x,,,,,,,,,x,
Production & Distribution Technology Services,Digital Media Systems,"Post-Production technology including edit, color, sound, GFX/VFX",Post Production,,,,x,x,x,x,x,,,,,
Production & Distribution Technology Services,Digital Media Systems,Quality Control Systems,Post Production,,,,x,x,x,x,x,,,,,
Production & Distribution Technology Services,Digital Media Systems,Media Asset Management,Distribution and Promotion,,,,x,x,x,x,x,,,,,
Production & Distribution Technology Services,Digital Media Systems,Digital Library & Content Archive,Distribution and Promotion,,,,x,x,x,x,x,,,,,
Production & Distribution Technology Services,Digital Media Systems,Live Record & Playback,Distribution and Promotion,,,,x,x,x,x,x,,,,,
Production & Distribution Technology Services,Digital Media Systems,Technology transformation to cloud production environments,Pre Production,,,,x,x,x,x,x,,,,,
"News, Sports & Entertainment Digital Platforms",Global News Digital,"CNN+, CNN, CNN Underscored, CNN Live UK",Platform,,,,,,x,x,,,,,,
"News, Sports & Entertainment Digital Platforms",Global News Digital,"Development, launch and operation of CNN+",Platform,,,,,,x,x,,,,,,
"News, Sports & Entertainment Digital Platforms",Global News Digital,"Planning, operations and innovation for all digital news properties including CNN Plus, CNN.com, CNN App, HLN digital",Production,,,,,,x,x,,,,,,
"News, Sports & Entertainment Digital Platforms",Global News Digital,"CNN Underscored, International digitial news properties and the CNN Store",Production,,,,,,x,x,,,,,,
"News, Sports & Entertainment Digital Platforms",Global Sports Digital,"Planning, operations and innovation for all digital sports properties including NCAA.com, March Madness, NBA Digital Ad Sales, NBA Team Sites (29), Bleacher Report, NHL and Estadio TNT Sports",Production,,,,,x,,x,x,,,,,
"News, Sports & Entertainment Digital Platforms",Global Entertainment Digital,"Worldwide support, innovation andplanning for WarnerMedia’s digitalentertainment properties including 27Cartoon Network properties, TBS, TNT& TruTV, TNT Go International, HBO,Cinemax, CN Arcade, Adult Swim, TCM,WB Portals, Toonami, Pogo, Tooncast,Toonix, Boing, and Cartoonito",Production,,,,,,,x,x,,,,,
"News, Sports & Entertainment Digital Platforms",Global Fan Engagement,"Global planning, operations and support for all WarnerMedia fan-based entertainment experiences including Harry Potter, Ellen, DC Universe, DC Comics, Boomerang and Warner Digital Labs",Distribution and Promotion,,,,,,,x,x,,,,,
"News, Sports & Entertainment Digital Platforms",Global Fan Engagement,This includes hundreds of digital properties supporting Warner theatrical releases,Post Production,,,,,,,x,x,,,,,
"News, Sports & Entertainment Digital Platforms",Global Fan Engagement,Responsibilities include product management and development,Distribution and Promotion,,,,,,,x,x,,,,,
"News, Sports & Entertainment Digital Platforms",Global Digital Operations,Systems implementation,Pre Production,,,,,,,x,x,,,,,
"News, Sports & Entertainment Digital Platforms",Global Digital Operations,Software QA,Pre Production,,,,,,,x,x,,,,,
"News, Sports & Entertainment Digital Platforms",Global Digital Operations,Sarbanes Oxley,Pre Production,,,,,,,x,x,,,,,
"News, Sports & Entertainment Digital Platforms",Global Digital Operations,Software Configuration,Pre Production,,,,,,,x,x,,,,,
"News, Sports & Entertainment Digital Platforms",Global Digital Operations,Monitoring QoE,Pre Production,,,,,,,x,x,,,,,
"News, Sports & Entertainment Digital Platforms",Global Digital Operations,Application Portfolio Management,Pre Production,,,,,,,x,x,,,,,
"News, Sports & Entertainment Digital Platforms",Global Digital Operations,Global Tiered App Support,Pre Production,,,,,,,x,x,,,,,
"News, Sports & Entertainment Digital Platforms",Global Digital Operations,App Monitoring,Pre Production,,,,,,,x,x,,,,,
"News, Sports & Entertainment Digital Platforms",Global Digital Operations,Backend Support for Media Supply Chain,Distribution and Promotion,,,,,,,x,x,,,,,
"News, Sports & Entertainment Digital Platforms",Global Digital Operations,Service Now platform Management,Pre Production,,,,,,,x,x,,,,,
"News, Sports & Entertainment Digital Platforms",Global Digital Operations,Application Portfolio Management,Pre Production,,,,,,,x,x,,,,,
"News, Sports & Entertainment Digital Platforms",Global Digital Operations,IT Services Management,Pre Production,,,,,,,x,x,,,,,
"News, Sports & Entertainment Digital Platforms",Global Digital Operations,Multi-Tier Customer Service,Pre Production,,,,,,,x,x,,,,,
"News, Sports & Entertainment Digital Platforms",Platform Technology,Multi-Platform Video Player,Platform,,,,,x,x,x,x,,,,,
"News, Sports & Entertainment Digital Platforms",Platform Technology,Authentication,Platform,,,,,x,x,x,x,,,,,
"News, Sports & Entertainment Digital Platforms",Platform Technology,Instrumentation,Platform,,,,,x,x,x,x,,,,,
"News, Sports & Entertainment Digital Platforms",Platform Technology,Privacy Services,Platform,,,,,x,x,x,x,,,,,
"News, Sports & Entertainment Digital Platforms",Platform Technology,Live Stream Mgmt & Content Auth,Platform,,,,,x,x,x,x,,,,,
"News, Sports & Entertainment Digital Platforms",Platform Technology,Video Content Encoding & Distribution,Distribution and Promotion,,,,,x,x,x,x,,,,,
"News, Sports & Entertainment Digital Platforms",Platform Technology,DRM/Watermarking Services,Post Production,,,,,x,x,x,x,,,,,
"News, Sports & Entertainment Digital Platforms",Platform Technology,Identity/Payment Gateway Services,Distribution and Promotion,,,,,x,x,x,x,,,,,
"News, Sports & Entertainment Digital Platforms",Platform Technology,Content Delivery,Distribution and Promotion,,,,,x,x,x,x,,,,,
"News, Sports & Entertainment Digital Platforms",Platform Technology,Multi-CDN Orchestration,Distribution and Promotion,,,,,x,x,x,x,,,,,
"News, Sports & Entertainment Digital Platforms",Platform Technology,Cloud Arch & Ops,Pre Production,,,,,x,x,x,x,,,,,
"News, Sports & Entertainment Digital Platforms",Platform Technology,Content Management & Publishing Systems,Post Production,,,,,x,x,x,x,,,,,
"News, Sports & Entertainment Digital Platforms",Global Studio/Industry,Brainac,Distribution and Promotion,,,x,,,,x,,,,,,
"News, Sports & Entertainment Digital Platforms",Global Studio/Industry,Brand Center,Distribution and Promotion,,,x,,,,x,,,,,,
"News, Sports & Entertainment Digital Platforms",Global Studio/Industry,Carpet,Distribution and Promotion,,,x,,,,x,,,,,,
"News, Sports & Entertainment Digital Platforms",Global Studio/Industry,JV B2B,Distribution and Promotion,,,x,,,,x,,,,,,
"News, Sports & Entertainment Digital Platforms",Global Studio/Industry,MediaPass,Distribution and Promotion,,,x,,,,x,,,,,,
"News, Sports & Entertainment Digital Platforms",Global Studio/Industry,Mozart Cue Sheets,Distribution and Promotion,,,x,,,,x,,,,,,
"News, Sports & Entertainment Digital Platforms",Global Studio/Industry,Swag Bag,Distribution and Promotion,,,x,,,,x,,,,,,
"News, Sports & Entertainment Digital Platforms",Global Studio/Industry,TCM Talent Manager,Distribution and Promotion,,,x,,,,x,,,,,,
"News, Sports & Entertainment Digital Platforms",Global Studio/Industry,Town Hall Video,Distribution and Promotion,,,x,,,,x,,,,,,
"News, Sports & Entertainment Digital Platforms",Global Studio/Industry,WB2B,Distribution and Promotion,,,x,,,,x,,,,,,
"News, Sports & Entertainment Digital Platforms",Global Studio/Industry,WB 360,Distribution and Promotion,,,x,,,,x,,,,,,
"News, Sports & Entertainment Digital Platforms",Global Studio/Industry,WM FYC,Distribution and Promotion,,,x,,,,x,,,,,,
"News, Sports & Entertainment Digital Platforms",Global Studio/Industry,WM Premier,Distribution and Promotion,,,x,,,,x,,,,,,
"News, Sports & Entertainment Digital Platforms",Global Studio/Industry,WM Screeners,Distribution and Promotion,,,x,,,,x,,,,,,
"News, Sports & Entertainment Digital Platforms",UX/UI Team,Product Conceptualization,Platform,,,,,,,x,x,,,,,
"News, Sports & Entertainment Digital Platforms",UX/UI Team,Product Ideation,Platform,,,,,,,x,x,,,,,
"News, Sports & Entertainment Digital Platforms",UX/UI Team,Wireframing & Prototyping,Platform,,,,,,,x,x,,,,,
"News, Sports & Entertainment Digital Platforms",UX/UI Team,User testing / Research-based decision making,Platform,,,,,,,x,x,,,,,
"News, Sports & Entertainment Digital Platforms",UX/UI Team,"Visual design—Interface, Social, Branding, Product",Platform,,,,,,,x,x,,,,,
"News, Sports & Entertainment Digital Platforms",UX/UI Team,Animations & Transitions,Platform,,,,,,,x,x,,,,,
"News, Sports & Entertainment Digital Platforms",UX/UI Team,Design Systems,Platform,,,,,,,x,x,,,,,
DTC Engineering & HBO Max,Customer Experience Engineering,Client experience engineering,Platform,,,,,,,x,,,,,,
DTC Engineering & HBO Max,Customer Experience Engineering,Client platform engineering,Platform,,,,,,,x,,,,,,
DTC Engineering & HBO Max,Customer Experience Engineering,Video playback: ingestion to packaging/QOS,Platform,,,,,,,x,,,,,,
DTC Engineering & HBO Max,Customer Experience Engineering,AVOD,Platform,,,,,,,x,,,,,,
DTC Engineering & HBO Max,Platform Engineering,Purchase & identity platforms,Platform,,,,,,,x,,,,,,
DTC Engineering & HBO Max,Platform Engineering,Content discovery platforms,Platform,,,,,,,x,,,,,,
DTC Engineering & HBO Max,Platform Engineering,"Data, experimentation, messaging & analytics platforms",Platform,,,,,,,x,,,,,,
DTC Engineering & HBO Max,Engineering & Operations,Global strategic infrastructure,Platform,,,,,,,x,,,,,,
DTC Engineering & HBO Max,Engineering & Operations,Data platforms and services engineering,Platform,,,,,,,x,,,,,,
DTC Engineering & HBO Max,Engineering & Operations,Security engineering,Platform,,,,,,,x,,,,,,
DTC Engineering & HBO Max,Engineering & Operations,End-to-end quality assurance,Platform,,,,,,,x,,,,,,
DTC Engineering & HBO Max,Engineering & Operations,"Tech-ops (change, release, incident, and problem)",Platform,,,,,,,x,,,,,,
DTC Engineering & HBO Max,Engineering & Operations,Ops visibility,Platform,,,,,,,x,,,,,,
DTC Engineering & HBO Max,Technical Program Management,"Key ""four-in-a-box"" X-func team leaders",Platform,,,,,,,x,,,,,,
DTC Engineering & HBO Max,Technical Program Management,Customer experience platform,Platform,,,,,,,x,,,,,,
DTC Engineering & HBO Max,Technical Program Management,Engineering & ops,Platform,,,,,,,x,,,,,,
DTC Engineering & HBO Max,Technical Program Management,International OTT,Platform,,,,,,,x,,,,,,
DTC Engineering & HBO Max,Technical Program Management,Strategic platforms & initiatives,Platform,,,,,,,x,,,,,,
DTC Engineering & HBO Max,International OTT Engineering,EMEA/LatAm office leader,Platform,,,,,,,x,,,,,,
DTC Engineering & HBO Max,International OTT Engineering,Architecture,Platform,,,,,,,x,,,,,,
DTC Engineering & HBO Max,International OTT Engineering,"DevOps, QA",Platform,,,,,,,x,,,,,,
DTC Engineering & HBO Max,International OTT Engineering,Front- and back-end engineering,Platform,,,,,,,x,,,,,,
DTC Engineering & HBO Max,International OTT Engineering,Infrastructure & security,Platform,,,,,,,x,,,,,,
DTC Engineering & HBO Max,International OTT Engineering,Platform ops,Platform,,,,,,,x,,,,,,
DTC Engineering & HBO Max,Growth & Tech Operations,SW delivery & financial insights,Pre Production,,,,,,,x,,,,,,
DTC Engineering & HBO Max,Growth & Tech Operations,SW delivery tools,Pre Production,,,,,,,x,,,,,,
DTC Engineering & HBO Max,Growth & Tech Operations,Internal docs,Pre Production,,,,,,,x,,,,,,
DTC Engineering & HBO Max,Growth & Tech Operations,Growth planning/ops,Pre Production,,,,,,,x,,,,,,
DTC Engineering & HBO Max,Growth & Tech Operations,Strategic ops initiatives,Pre Production,,,,,,,x,,,,,,
DTC Engineering & HBO Max,Growth & Tech Operations,Learning management,Pre Production,,,,,,,x,,,,,,
DTC Engineering & HBO Max,DTC Ottawa/You.i,Ottawa office leader,Platform,,,,,,,x,,,,,,
DTC Engineering & HBO Max,DTC Ottawa/You.i,Technical writing,Platform,,,,,,,x,,,,,,
DTC Engineering & HBO Max,DTC Ottawa/You.i,Third party client services and technical support,Platform,,,,,,,x,,,,,,
DTC Engineering & HBO Max,DTC Ottawa/You.i,WM/AT&T client services and technical support,Platform,,,,,,,x,,,,,,
DTC Engineering & HBO Max,Business Operations,"Business continuity, IT, security, facilities liaison (Seattle)",Pre Production,,,,,,,x,,,,,,
DTC Engineering & HBO Max,Business Operations,EA team leader,Platform,,,,,,,x,,,,,,
DTC Engineering & HBO Max,Business Operations,Logistical & business program manager,Pre Production,,,,,,,x,,,,,,
DTC Engineering & HBO Max,Business Operations,Partners with TA & HR re: employee life cycle programs,Platform,,,,,,,x,,,,,,
Advertising Technology,Application Development,"Engineering of in-house linear adsales and trafficking platform,including national addressable andcross-platform",Platform,,,,x,x,x,,,,,,,
Advertising Technology,Application Development,"Software Engineering, Architecture,Data Engineering, Cloud Engineering,Data Science Model Operations,and Analytics",Pre Production,,,,x,x,x,,,,,,,
Advertising Technology,Application Development,Platform operations,Platform,,,,x,x,x,,,,,,,
Advertising Technology,AMS Project Management,"Ad product development for linearsales and audience",Platform,,,,x,x,x,,,,,,,
Advertising Technology,AMS Project Management,Audience Activation,Platform,,,,x,x,x,,,,,,,
Advertising Technology,AMS Project Management,Proposals & Order Management,Pre Production,,,,x,x,x,,,,,,,
Advertising Technology,AMS Project Management,Revenue Management,Pre Production,,,,x,x,x,,,,,,,
Advertising Technology,AMS Project Management,Data Science Integrations,Pre Production,,,,x,x,x,,,,,,,
Advertising Technology,AMS Project Management,WB Syndication Ad Tech,Distribution and Promotion,,,,x,x,x,,,,,,,
Advertising Technology,AMS Project Management,Technology Training,Pre Production,,,,x,x,x,,,,,,,
Advertising Technology,AMS Project Management,"Ad product development for lineartrafficking platform and linearaddressable",Distribution and Promotion,,,,x,x,x,,,,,,,
Advertising Technology,AMS Project Management,WM National Addressable,Distribution and Promotion,,,,x,x,x,,,,,,,
Advertising Technology,AMS Project Management,Inventory & Yield Management,Distribution and Promotion,,,,x,x,x,,,,,,,
Advertising Technology,AMS Project Management,Linear Network Traffic-Playlisting,Distribution and Promotion,,,,x,x,x,,,,,,,
Advertising Technology,AMS Project Management,Ad Invoicing,Distribution and Promotion,,,,x,x,x,,,,,,,
Advertising Technology,AMS Project Management,Research & Revenue Data Platforms and Analytics,Distribution and Promotion,,,,x,x,x,,,,,,,
Advertising Technology,AMS Project Management,Quality Assurance Team,Distribution and Promotion,,,,x,x,x,,,,,,,
Advertising Technology,AMS Project Management,Client Support Team,Distribution and Promotion,,,,x,x,x,,,,,,,
Advertising Technology,Media Ad Technology,"DirecTV advertising: Responsible forthe DTV Ad Tech Stack across linearand digital.",Distribution and Promotion,,,,x,x,x,x,,,,,,
Advertising Technology,Media Ad Technology,"Areas of responsibility include Sales/CRM, Audience Assembly, CampaignPlanning/Reach, Reporting,Measurement and Billing",Distribution and Promotion,,,,x,x,x,x,,,,,,
Advertising Technology,Media Ad Technology,"Core Integration and Ad RoutingServices",Distribution and Promotion,,,,x,x,x,x,,,,,,
Advertising Technology,Media Ad Technology,"Architecture; Software Engineering,Project Management, Prod Support",Distribution and Promotion,,,,x,x,x,x,,,,,,
Advertising Technology,Application Development,"Technical product managementto manage digital ad vendors",Platform,,,,x,x,x,,,,,,,
Advertising Technology,Application Development,"Technical operations to supportbrand monetization",Platform,,,,x,x,x,,,,,,,
Advertising Technology,Application Development,"Support Digital SalesPlatforms Salesforce, Operative,Google Ad Manager, FreeWheel",Platform,,,,x,x,x,,,,,,,
Advertising Technology,Application Development,"Direct and Programmatic solutionsacross O&O, MVPD, DTC",Platform,,,,x,x,x,,,,,,,
Advertising Technology,Digital Ads Engineering,"Engineering and operations ofin-house digital ads platform",Pre Production,,,,x,x,x,x,,,,,,
Advertising Technology,Digital Ads Engineering,"Audience management, ad delivery,ad insertion and programmatic solutions, measurement and attribution",Distribution and Promotion,,,,x,x,x,x,,,,,,
Advertising Technology,Platform & Product Strategy,"Ad product developmentfor digital advertising platform",Distribution and Promotion,,,,x,x,x,x,,,,,,
Advertising Technology,Platform & Product Strategy,Digital Display & Video Ad Serving,Distribution and Promotion,,,,x,x,x,x,,,,,,
Advertising Technology,Platform & Product Strategy,Programmatic,Distribution and Promotion,,,,x,x,x,x,,,,,,
Advertising Technology,Platform & Product Strategy,Podcasts,Distribution and Promotion,,,,x,x,x,x,,,,,,
Advertising Technology,Platform & Product Strategy,Audience Data Management and Activation,Distribution and Promotion,,,,x,x,x,x,,,,,,
Advertising Technology,Platform & Product Strategy,Advertising Measurement,Distribution and Promotion,,,,x,x,x,x,,,,,,
Advertising Technology,Revenue Analytics,"BI and Data science support for digitalad sales and ad product management",Distribution and Promotion,,,,x,x,x,x,,,,,,
Advertising Technology,Revenue Analytics,"Development of the digital adsanalytics platform (DAAP)",Distribution and Promotion,,,,x,x,x,x,,,,,,
Advertising Technology,Revenue Analytics,Development of forecasting capabilities,Distribution and Promotion,,,,x,x,x,x,,,,,,
Advertising Technology,Revenue Analytics,"Data Warehouse, Business Intelligence(self-serve reporting) and PredictiveAnalytics",Distribution and Promotion,,,,x,x,x,x,,,,,,
Production & Distribution Technology Services,Global Playout Tranmission & Distribution Technology,Compression,Distribution and Promotion,,,,x,x,x,,,,,,,
Production & Distribution Technology Services,Global Playout Tranmission & Distribution Technology,Uplinks,Distribution and Promotion,,,,x,x,x,,,,,,,
Production & Distribution Technology Services,Global Playout Tranmission & Distribution Technology,IP Distribution,Distribution and Promotion,,,,x,x,x,,,,,,,
Production & Distribution Technology Services,Global Playout Tranmission & Distribution Technology,IPTV,Distribution and Promotion,,,,x,x,x,,,,,,,
Production & Distribution Technology Services,Global Playout Tranmission & Distribution Technology,Media WAN,Distribution and Promotion,,,,x,x,x,,,,,,,
Production & Distribution Technology Services,Global Playout Tranmission & Distribution Technology,International production (Latin America),Distribution and Promotion,,,,x,x,x,,,,,,,
Production & Distribution Technology Services,Global Playout Tranmission & Distribution Technology,Studios,Distribution and Promotion,,,,x,x,x,,,,,,,
Production & Distribution Technology Services,Global Playout Tranmission & Distribution Technology,Edit/Post-Production,Distribution and Promotion,,,,x,x,x,,,,,,,
Production & Distribution Technology Services,Global Playout Tranmission & Distribution Technology,Field Engineering,Distribution and Promotion,,,,x,x,x,,,,,,,
Production & Distribution Technology Services,Global Playout Tranmission & Distribution Technology,Digital News Gathering,Distribution and Promotion,,,,x,x,x,,,,,,,
Production & Distribution Technology Services,Global Playout Tranmission & Distribution Technology,Satellite News Gathering partnerships,Distribution and Promotion,,,,x,x,x,,,,,,,
Production & Distribution Technology Services,Global Playout Tranmission & Distribution Technology,Bureaus and Production Centers,Distribution and Promotion,,,,x,x,x,,,,,,,
Production & Distribution Technology Services,Global Playout Tranmission & Distribution Technology,Home Studios,Distribution and Promotion,,,,x,x,x,,,,,,,
Production & Distribution Technology Services,Global Playout Tranmission & Distribution Technology,Live Production,Distribution and Promotion,,,,x,x,x,,,,,,,
Production & Distribution Technology Services,Global Playout Tranmission & Distribution Technology,Studios,Distribution and Promotion,,,,x,x,x,,,,,,,
Production & Distribution Technology Services,Global Playout Tranmission & Distribution Technology,Control Rooms,Distribution and Promotion,,,,x,x,x,,,,,,,
Production & Distribution Technology Services,Global Playout Tranmission & Distribution Technology,Newsrooms,Distribution and Promotion,,,,x,x,x,,,,,,,
Production & Distribution Technology Services,Global Playout Tranmission & Distribution Technology,Content Transmissions,Distribution and Promotion,,,,x,x,x,,,,,,,
Production & Distribution Technology Services,Production Infrastructure Engineering,"Infrastructure architecture, both in cloud and on premises",Pre Production,,,,x,x,x,,,,,,,
Production & Distribution Technology Services,Production Infrastructure Engineering,Network Architecture and Operations,Pre Production,,,,x,x,x,,,,,,,
Production & Distribution Technology Services,Production Infrastructure Engineering,Compute and Storage Architecture and Operations,Pre Production,,,,x,x,x,,,,,,,
Production & Distribution Technology Services,Production Infrastructure Engineering,"Fundamental Services (authentication, security, OS deployment, etc.)",Pre Production,,,,x,x,x,,,,,,,
Production & Distribution Technology Services,Production Infrastructure Engineering,Cloud Plane Management,Pre Production,,,,x,,,x,,,,,,
Production & Distribution Technology Services,Digital Media Systems,"Post-Production technology including edit, color, sound, GFX/VFX",Post Production,,,,x,,,x,,,,,,
Production & Distribution Technology Services,Digital Media Systems,Quality Control Systems,Post Production,,,,x,,,x,,,,,,
Production & Distribution Technology Services,Digital Media Systems,Media Asset Management,Post Production,,,,x,,,x,,,,,,
Production & Distribution Technology Services,Digital Media Systems,Digital Library & Content Archive,Post Production,,,,x,x,x,x,,,,,,
Production & Distribution Technology Services,Digital Media Systems,Live Record & Playback,Post Production,,,,x,x,x,x,,,,,,
Production & Distribution Technology Services,Digital Media Systems,Technology transformation to cloud production environments,Post Production,,,,x,x,x,x,,,,,,
Advertising Technology,Application Development,Engineering of in-house linear ad sales and trafficking platform ,Pre Production,,,x,x,x,x,x,x,x,,,,
Advertising Technology,Application Development,Software Engineering,Pre Production,,,x,x,x,x,x,x,x,,,,
Advertising Technology,Application Development,Architecture Data Engineering,Pre Production,,,x,x,x,x,x,x,x,,,,
Advertising Technology,Application Development,Cloud Engineering,Pre Production,,,x,x,x,x,x,x,x,,,,
Advertising Technology,Application Development,Data Science Model Operations,Pre Production,,,x,x,x,x,x,x,x,,,,
Advertising Technology,Application Development,Analytics,Pre Production,,,x,x,x,x,x,x,x,,,,
Advertising Technology,Application Development,Platform operations,Pre Production,,,x,x,x,x,x,x,x,,,,
Advertising Technology,AMS Project Management,Ad product development for linear sales and audience ,Pre Production,,,x,x,x,x,x,x,x,,,,
Advertising Technology,AMS Project Management,Audience Activation ,Pre Production,,,x,x,x,x,x,x,x,,,,
Advertising Technology,AMS Project Management,Proposals & OrderManagement ,Pre Production,,,x,x,x,x,x,x,x,,,,
Advertising Technology,AMS Project Management,Revenue Management ,Pre Production,,,x,x,x,x,x,x,x,,,,
Advertising Technology,AMS Project Management,Data Science Integrations ,Pre Production,,,x,x,x,x,x,x,x,,,,
Advertising Technology,AMS Project Management,WB Syndication Ad Tech ,Pre Production,,,x,x,x,x,x,x,x,,,,
Advertising Technology,AMS Project Management,Technology Training ,Pre Production,,,x,x,x,x,x,x,x,,,,
Advertising Technology,AMS Project Management,Ad product development for linear trafficking platform and linear addressable ,Pre Production,,,x,x,x,x,x,x,x,,,,
Advertising Technology,AMS Project Management,WM National Addressable ,Pre Production,,,x,x,x,x,x,x,x,,,,
Advertising Technology,AMS Project Management,Inventory & Yield Management ,Pre Production,,,,x,x,x,x,x,x,,,,
Advertising Technology,AMS Project Management,Linear Network Traffic-Playlisting ,Pre Production,,,,x,x,x,x,x,x,,,,
Advertising Technology,AMS Project Management,Ad Invoicing ,Pre Production,,,,x,x,x,x,x,x,,,,
Advertising Technology,AMS Project Management,Research &Revenue Data Platforms and Analytics ,Pre Production,,,,x,x,x,x,x,x,,,,
Advertising Technology,AMS Project Management,Quality Assurance Team ,Pre Production,,,,x,x,x,x,x,x,,,,
Advertising Technology,AMS Project Management,Client Support Team ,Pre Production,,,,x,x,x,x,x,x,,,,
Advertising Technology,Media Ad Technology,DirecTV advertising:Responsible for the DTV Ad Tech Stack across linear and digital. ,Pre Production,,,,x,x,x,x,x,x,,,,
Advertising Technology,Media Ad Technology,"Areas of responsibility include Sales/ CRM, Audience Assembly, Campaign Planning/Reach, Reporting, Measurement and Billing ",Pre Production,,,,x,x,x,x,x,x,,,,
Advertising Technology,Media Ad Technology,CoreIntegration and AdRouting Services ,Pre Production,,,,x,x,x,x,x,x,,,,
Advertising Technology,Media Ad Technology,"Architecture; SoftwareEngineering, Project Management, Prod Support ",Pre Production,,,,x,x,x,x,x,x,,,,
Advertising Technology,Digital Ads Platform,Technical product management to manage digital ad vendors ,Pre Production,,,,x,x,x,x,x,x,,,,
Advertising Technology,Digital Ads Platform,Technicaloperationstosupport brand monetization ,Pre Production,,,,x,x,x,x,x,x,,,,
Advertising Technology,Digital Ads Platform,"Support Digital Sales Platforms Salesforce, Operative, Google Ad Manager, FreeWheel ",Pre Production,,,,x,x,x,x,x,x,,,,
Advertising Technology,Digital Ads Platform,"Direct and Programmatic solutions across O&O, MVPD, DTC ",Pre Production,,,,,,,x,,,,,,
Advertising Technology,Digital Ads Engineering,Engineering and operations of in-house digital ads platform ,Pre Production,,,,,,,x,,,,,,
Advertising Technology,Digital Ads Engineering,"Audience management,addelivery,ad insertion and programmatic solutions, measurement and attribution ",Pre Production,,,,,,,x,,,,,,
Advertising Technology,Platform & Product Strategy,Ad product development for digital advertising platform ,Pre Production,,,,,,,x,,,,,,
Advertising Technology,Platform & Product Strategy,Digital Display & Video Ad Serving ,Pre Production,,,,,,,x,,,,,,
Advertising Technology,Platform & Product Strategy,Programmatic ,Pre Production,,,,,,,x,,,,,,
Advertising Technology,Platform & Product Strategy,Podcasts ,Pre Production,,,,,,,,,,,x,x,
Advertising Technology,Platform & Product Strategy,Audience Data Management and Activation ,Pre Production,,,,,,,,,,,x,x,
Advertising Technology,Platform & Product Strategy,Advertising Measurement ,Pre Production,,,,,,,,,,,x,x,
Advertising Technology,Revenue Analytics,BI and Data science support for digital ad sales and ad product management ,Pre Production,,,,,,,,,,,x,x,
Advertising Technology,Revenue Analytics,Development of the digital ads analytics platform (DAAP) ,Pre Production,,,,,,,,,,,x,x,
Advertising Technology,Revenue Analytics,Development of forecasting capabilities ,Pre Production,,,,,,,,,,,x,x,
Advertising Technology,Revenue Analytics,"Data Warehouse,Business Intelligence (self-serve reporting) and Predictive Analytics ",Pre Production,,,,,,,,,,,x,x,
Technology Strategy & Business Operations,Office of Strategic Management,Strategic Planning,Pre Production,,,,,,,,,,,x,x,
Technology Strategy & Business Operations,Office of Strategic Management,Organizational Alignment,Pre Production,,,,,,,,,,,x,x,
Technology Strategy & Business Operations,Office of Strategic Management,Management of KPIs & Initiatives ,Pre Production,,,,x,x,x,,,,,,,
Technology Strategy & Business Operations,Office of Strategic Management,Strategic Reviews,Pre Production,,,,,,,,,,x,,,
Technology Strategy & Business Operations,Office of Strategic Management,Enterprise and Executive Briefs,Pre Production,,,,x,x,x,x,,x,x,,,
Technology Strategy & Business Operations,Office of Strategic Management,Lead CTO Ad Hoc Plans ,Pre Production,,,x,,,,x,,,x,,,
Technology Strategy & Business Operations,Global Sourcing & Business Operations,Global Technology Sourcing and Strategic Partnerships ,Pre Production,,,x,,,,x,,,x,,,
Technology Strategy & Business Operations,Global Sourcing & Business Operations,Deal Strategy & Contract Negotiation ,Pre Production,,,,,,,x,,,,,,
Technology Strategy & Business Operations,Global Sourcing & Business Operations,M&A Planning & Synergy Negotiations ,Pre Production,,,,,,,x,,,,,,
Technology Strategy & Business Operations,Global Sourcing & Business Operations,AT&T Contract Disentanglement ,Pre Production,,,,,,,,,,,,,x
Technology Strategy & Business Operations,Global Sourcing & Business Operations,Product Technology Evaluation ,Pre Production,,,,,,,,,,,,,x
Technology Strategy & Business Operations,Global Sourcing & Business Operations,Enterprise Vendor Spend & Forecast Financial Modeling & Analysis,Pre Production,,,,,,,,,,,,,x
Technology Strategy & Business Operations,Global Sourcing & Business Operations,TechnicalRequirementsGathering ,Pre Production,,,,,,,,,,,,,x
Technology Strategy & Business Operations,Global Sourcing & Business Operations,Quoting/Buying ,Pre Production,,,,,,,,,,,,,x
Technology Strategy & Business Operations,Global Sourcing & Business Operations,Support Renewals ,Pre Production,,,,,,,,,,,,,x
Technology Strategy & Business Operations,Global Sourcing & Business Operations,Telecom Management ,Pre Production,,,,,,,,,,,,,x
Technology Strategy & Business Operations,Global Sourcing & Business Operations,HW & SW Asset Management ,Pre Production,,,,,,,,,,,,,x
Technology Strategy & Business Operations,Global Sourcing & Business Operations,VendorManagement&ConsumptionMonitoring,Pre Production,,,,,,,,,,,,,x
Technology Strategy & Business Operations,Global Sourcing & Business Operations,Sourcing Synergies & Savings Analysis & Reporting ,Pre Production,,,x,,,,,,,,,x,
Technology Strategy & Business Operations,Global Sourcing & Business Operations,Supplier Relationship & Performance Management,Pre Production,,,x,,,,,,,,,x,
Technology Strategy & Business Operations,Global Sourcing & Business Operations, Market & Industry Research,Pre Production,,,x,x,,,,,,,,,
Technology Strategy & Business Operations,Global Sourcing & Business Operations,SLA Monitoring,Pre Production,,,,,,,,,,,x,x,
Technology Strategy & Business Operations,Global Sourcing & Business Operations,Sourcing Operations,Pre Production,,,x,,,,,,,,,x,
Technology Strategy & Business Operations,Global Sourcing & Business Operations,Digital Ecosystem Trends,Pre Production,,,x,,,,,,,,,x,
Technology Strategy & Business Operations,Global Sourcing & Business Operations,Preferred Partner & Vendor Tiering Programs,Pre Production,,,,,,,,,,,,,x
Technology Strategy & Business Operations,Global Sourcing & Business Operations,Deal memos and executive briefs ,Pre Production,,,,,,,,,,,,,x
"Data Science, Platform and Strategy","Anaytics, Decisions & Data Sciences, ML/AI",DataScience/ML/AI,Pre Production,,,,,,,,,,,,,x
"Data Science, Platform and Strategy","Anaytics, Decisions & Data Sciences, ML/AI",Identity Model Ecosystem,Pre Production,,,,,,,,,,,,,x
"Data Science, Platform and Strategy","Anaytics, Decisions & Data Sciences, ML/AI",Audience Model Ecosystem ,Pre Production,,,,,,,,,,,,,x
"Data Science, Platform and Strategy","Anaytics, Decisions & Data Sciences, ML/AI",Content Metadata Services ,Pre Production,,,,,,,,,,,,,x
"Data Science, Platform and Strategy","Anaytics, Decisions & Data Sciences, ML/AI",Resolved Entity Store,Pre Production,,,,,,,,,,,,,x
"Data Science, Platform and Strategy","Anaytics, Decisions & Data Sciences, ML/AI",Audience Prediction ,Pre Production,,,,,,,,,,,,,x
"Data Science, Platform and Strategy",Enterprise Data Soultions Prod & Prog,Identity Data Architecture,Pre Production,,,,,,,,,,,,,x
"Data Science, Platform and Strategy",Enterprise Data Soultions Prod & Prog,Identity Data Ingest & Egress ,Pre Production,,,,,,,,,,,,,x
"Data Science, Platform and Strategy",Enterprise Data Soultions Prod & Prog,Audience Pipeline,Pre Production,,,,,,,,,,,,,x
"Data Science, Platform and Strategy",Enterprise Data Soultions Prod & Prog,Content Spine data flow,Pre Production,,,,,,,,,,,,,x
"Data Science, Platform and Strategy",Enterprise Data Soultions Prod & Prog,Content Spine architecture,Pre Production,,,,,,,,,,,,,x
"Data Science, Platform and Strategy",Enterprise Data Soultions Prod & Prog,Audience Activation,Pre Production,,,,,,,,,,,,,x
"Data Science, Platform and Strategy",Enterprise Data Soultions Prod & Prog,Audience Segmentation ,Pre Production,,,,,,,,,,,,,x
"Data Science, Platform and Strategy",Global Operations,Data Products & Innovation Strategy ,Pre Production,,,,,,,,,,,,,x
"Data Science, Platform and Strategy",Global Operations,Consumer Identity & First Party Data ,Pre Production,,,,,,,,,,,,,x
"Data Science, Platform and Strategy",Global Operations,Enablement ,Pre Production,,,x,,,,,,,,,,
"Data Science, Platform and Strategy",Global Operations,Unified Consumer Consent Management ,Pre Production,,,,,,,,,,,,,x
"Data Science, Platform and Strategy",Global Operations,Data Privacy Compliance Monitoring ,Pre Production,,,,,,,,,,,,,x
"Data Science, Platform and Strategy",Enterpirse Data solutions Engineering,TBA,Pre Production,,,,,,,,,,,,,x
"Monetization, Enterprise & Workplace Technology",Monetization & Portfolio Management,Domestic & Intl Theatrical ,Distribution and Promotion,,,,,,,,,,,,,x
"Monetization, Enterprise & Workplace Technology",Monetization & Portfolio Management,WarnerHomeEnt,Distribution and Promotion,,,,,,,,,,,,,x
"Monetization, Enterprise & Workplace Technology",Monetization & Portfolio Management,ConsumerProducts,Distribution and Promotion,,,,,,,,,,,,,x
"Monetization, Enterprise & Workplace Technology",Monetization & Portfolio Management,DC Entertainment ,Distribution and Promotion,,,,,,,,,,,,,x
"Monetization, Enterprise & Workplace Technology",Monetization & Portfolio Management,Global Brands & Franchise ,Distribution and Promotion,,,,,,,,,,,,,x
"Monetization, Enterprise & Workplace Technology",Monetization & Portfolio Management,Games,Distribution and Promotion,,,,,,,,,,,,,x
"Monetization, Enterprise & Workplace Technology",Monetization & Portfolio Management,Foundational Tech,Distribution and Promotion,,,,,,,,,,,,,x
"Monetization, Enterprise & Workplace Technology",Monetization & Portfolio Management,Digital Innovation COE ,Distribution and Promotion,,,,,,,,,,,,,x
"Monetization, Enterprise & Workplace Technology",Monetization & Portfolio Management,Salesforce COE ,Distribution and Promotion,,,,,,,,,,,,,x
"Monetization, Enterprise & Workplace Technology",Tech GRC; Account Admin; Platform Assurance,WW Television Distribution/ IP & Content Licensing ,Distribution and Promotion,,,,,,,,,,,,,x
"Monetization, Enterprise & Workplace Technology",Tech GRC; Account Admin; Platform Assurance,Affiliate Subscription Sales ,Distribution and Promotion,,,,,,,,,,,,,x
"Monetization, Enterprise & Workplace Technology",Tech GRC; Account Admin; Platform Assurance,Global Supply Chain ,Distribution and Promotion,,,,,,,,,,,,,x
"Monetization, Enterprise & Workplace Technology",Tech GRC; Account Admin; Platform Assurance,The SDS JV ,Distribution and Promotion,,,,,,,,,,,,,x
"Monetization, Enterprise & Workplace Technology",Tech GRC; Account Admin; Platform Assurance,The CW JV ,Distribution and Promotion,,,,,,,,,,,,,x
"Monetization, Enterprise & Workplace Technology",Tech GRC; Account Admin; Platform Assurance,Digital Networks Group,Distribution and Promotion,,,,,,,,,,,,,x
"Monetization, Enterprise & Workplace Technology",Tech GRC; Account Admin; Platform Assurance,Digital MediaAd Sales ,Distribution and Promotion,,,,,,,,,,,,,x
"Monetization, Enterprise & Workplace Technology",Tech GRC; Account Admin; Platform Assurance,"Global Research, Insights & Analytics ",Pre Production,,,,,,,,,,,,,x
"Monetization, Enterprise & Workplace Technology",Tech GRC; Account Admin; Platform Assurance,Compliance Readiness,Pre Production,,,,,,,,,,,,,x
"Monetization, Enterprise & Workplace Technology",Tech GRC; Account Admin; Platform Assurance,Compliance by Design,Pre Production,,,,,,,,,,,,,x
"Monetization, Enterprise & Workplace Technology",Tech GRC; Account Admin; Platform Assurance,Digital Records Management,Pre Production,,,,,,,,,,,,,x
"Monetization, Enterprise & Workplace Technology",Tech GRC; Account Admin; Platform Assurance,Tech Governance,Pre Production,,,,,,,,,,,,,x
"Monetization, Enterprise & Workplace Technology",Tech GRC; Account Admin; Platform Assurance,Accessibility COE,Pre Production,,,,,,,,,,,,,x
"Monetization, Enterprise & Workplace Technology",Tech GRC; Account Admin; Platform Assurance,Risk Mgmt,Pre Production,,,,,,,,,,,,,x
"Monetization, Enterprise & Workplace Technology",Tech GRC; Account Admin; Platform Assurance,Patching & VR ops,Pre Production,,,,,,,,,,,,,x
"Monetization, Enterprise & Workplace Technology",Tech GRC; Account Admin; Platform Assurance,Account Administration Ops,Pre Production,,,,,,,,,,,,,x
"Monetization, Enterprise & Workplace Technology","Studio Operations, CRE, Physical Security",Studio Operations,Pre Production,,,,,,,,,,,,,x
"Monetization, Enterprise & Workplace Technology","Studio Operations, CRE, Physical Security",Studio Facilities,Pre Production,,,,,,,,,,,,,x
"Monetization, Enterprise & Workplace Technology","Studio Operations, CRE, Physical Security",Post-Production Creative Services ,Pre Production,,,,,,,,,,,,,x
"Monetization, Enterprise & Workplace Technology","Studio Operations, CRE, Physical Security",Tours & Retail,Pre Production,,,,,,,,,,,,,x
"Monetization, Enterprise & Workplace Technology","Studio Operations, CRE, Physical Security",Physical Security,Pre Production,,,,,,,,,,,,,x
"Monetization, Enterprise & Workplace Technology","Studio Operations, CRE, Physical Security",Corporate Real Estate,Pre Production,,,,,,,,,,,,,x
"Monetization, Enterprise & Workplace Technology","Studio Operations, CRE, Physical Security",M&A ,Pre Production,,,,,,,,,,,,,x
"Monetization, Enterprise & Workplace Technology","Workplace Tech, Engineering, & Datacenter","AATooling, Productivity Tools",Pre Production,,,,,,,,,,,,,x
"Monetization, Enterprise & Workplace Technology","Workplace Tech, Engineering, & Datacenter",Engineering & Architecture,Pre Production,,,,,,,,,,,,,x
"Monetization, Enterprise & Workplace Technology","Workplace Tech, Engineering, & Datacenter",Desktop Engineering,Pre Production,,,,,,,,,,,,,x
"Monetization, Enterprise & Workplace Technology","Workplace Tech, Engineering, & Datacenter",Creative App Design ,Pre Production,,,,,,,,,,,,,x
"Monetization, Enterprise & Workplace Technology","Workplace Tech, Engineering, & Datacenter",Data Center Operations,Pre Production,,,,,,,,,,,,,x
"Monetization, Enterprise & Workplace Technology","Workplace Tech, Engineering, & Datacenter",Infrastructure Engineering,Pre Production,,,,,,,,,,,,,x
"Monetization, Enterprise & Workplace Technology","Workplace Tech, Engineering, & Datacenter",Collaboration & ProductivityTools ,Pre Production,,,,,,,,,,,,,x
"Monetization, Enterprise & Workplace Technology",Global Workplace Services & Support,ServiceDesk,Pre Production,,,,,,,,,,,,,x
"Monetization, Enterprise & Workplace Technology",Global Workplace Services & Support,Desktop & Laptop Support,Pre Production,,,,,,,,,,,,,x
"Monetization, Enterprise & Workplace Technology",Global Workplace Services & Support,Mobile Device & Desk Phone Support,Pre Production,,,,,,,,,,,,,x
"Monetization, Enterprise & Workplace Technology",Global Workplace Services & Support,Executive White-Glove Service,Pre Production,,,,,,,,,,,,,x
"Monetization, Enterprise & Workplace Technology",Global Workplace Services & Support,Tech Bar Services,Pre Production,,,,,,,,,,,,,x
"Monetization, Enterprise & Workplace Technology",Global Workplace Services & Support,AV & Conference Room Support,Pre Production,,,,,,,,,,,,,x
"Monetization, Enterprise & Workplace Technology",Global Workplace Services & Support,Desktop & Laptop refresh,Pre Production,,,,,,,,,,,,,x
"Monetization, Enterprise & Workplace Technology",Global Workplace Services & Support,Hardware and Software Deployment ,Pre Production,,,,,,,,,,,,,x
"Monetization, Enterprise & Workplace Technology",Enterprise Technology,Enterprise Finance & Planning,Pre Production,,,,,,,,,,,,,x
"Monetization, Enterprise & Workplace Technology",Enterprise Technology,Talent & Deal Management Systems ,Pre Production,,,,,,,,,,,,,x
"Monetization, Enterprise & Workplace Technology",Enterprise Technology,Accounting & Financial Shared Services,Pre Production,,,,,,,,,,,,,x
"Monetization, Enterprise & Workplace Technology",Enterprise Technology,"Corporate Sourcing and Procurement, Corporate Travel Services ",Pre Production,,,,,,,,,,,,,x
"Monetization, Enterprise & Workplace Technology",Enterprise Technology,"HR Shared Services (Workforce & TalentMgmt., Learning, Benefits, etc.), Payroll ",Pre Production,,,,,,,,,,,,,x
"Monetization, Enterprise & Workplace Technology",Enterprise Technology,"People Architecture Systems, Contingent Labor Management, Application Access Compliance ",Pre Production,,,,,,,,,,,,,x
"Monetization, Enterprise & Workplace Technology",Enterprise Technology,"International, Legal, Corporate Systems, Cross-Org Access ",Pre Production,,,,,,,,,,,,,x
"Monetization, Enterprise & Workplace Technology",Enterprise Technology,"Platform, Architecture, Automation, DBA, Analytics, Integration Services ",Pre Production,,,,,,,,,,,,,x
"Monetization, Enterprise & Workplace Technology",Enterprise Technology,WMETStrategy/Transformation&Portfolio Management/Operations & Compliance ,Pre Production,,,,,,,,,,,,,x
Cyber Security Office,Threat Dectection & Response,Risk Management ,Pre Production,,,,,,,,,,,,,x
Cyber Security Office,Threat Dectection & Response,Vulnerability and Risk Detection ,Pre Production,,,,,,,,,,,,,x
Cyber Security Office,Threat Dectection & Response,Risk Assessments ,Pre Production,,,,,,,,,,,,,x
Cyber Security Office,Threat Dectection & Response,Security Testing/Penetration Testing ,Pre Production,,,,,,,,,,,,,x
Cyber Security Office,Threat Dectection & Response,Cyber Defense Operations ,Pre Production,,,,,,,,,,,,,x
Cyber Security Office,Threat Dectection & Response,Threat Detection & Response ,Pre Production,,,,,,,,,,,,,x
Cyber Security Office,Threat Dectection & Response,Manage Risk Remediation Commitments ,Pre Production,,,,,,,,,,,,,x
Cyber Security Office,Threat Dectection & Response,Patching and Vulnerability Remediation Operations ,Pre Production,,,,,,,,,,,,,x
Cyber Security Office,Identity and Access Management,Enterprise Authentication Platform Management ,Pre Production,,,,,,,,,,,,,x
Cyber Security Office,Identity and Access Management,Active Directory Management ,Pre Production,,,,,,,,,,,,,x
Cyber Security Office,Identity and Access Management,Enterprise Identity Management ,Pre Production,,,,,,,,,,,,,x
Cyber Security Office,Identity and Access Management,Federated Authentication ,Pre Production,,,,,,,,,,,,,x
Cyber Security Office,Identity and Access Management,Operation Platform Architecture & Operations ,Pre Production,,,,,,,,,,,,,x
Cyber Security Office,CSO Client Engagment,Program/Project Management Support ,Pre Production,,,,,,,,,,,,,x
Cyber Security Office,CSO Client Engagment,Project Risk and Issue tracking ,Pre Production,,,,,,,,,,,,,x
Cyber Security Office,CSO Client Engagment,Project Lessons Learned tracking ,Pre Production,,,,,,,,,,,,,x
Cyber Security Office,CSO Client Engagment,Business and Technology Liaison and dedicated support through the Business Information Security Officer (BISO) program ,Pre Production,,,,,,,,,,,,,x
Cyber Security Office,CSO Client Engagment,Security training awareness ,Pre Production,,,,,,,,,,,,,x
Cyber Security Office,Technology Compliance; Account Administration: eDiscovery,"Regulatory Compliance Oversight (SOX, PCI, etc.) ",Pre Production,,,,,,,,,,,,,x
Cyber Security Office,Technology Compliance; Account Administration: eDiscovery,Compliance Readiness ,Pre Production,,,,,,,,,,,,,x
Cyber Security Office,Technology Compliance; Account Administration: eDiscovery,Internal Audit Management ,Pre Production,,,,,,,,,,,,,x
Cyber Security Office,Technology Compliance; Account Administration: eDiscovery,Compliance by Design ,Pre Production,,,,,,,,,,,,,x
Cyber Security Office,Technology Compliance; Account Administration: eDiscovery,Issue Tracking & Remediation ,Pre Production,,,,,,,,,,,,,x
Cyber Security Office,Technology Compliance; Account Administration: eDiscovery,WM Records & Info Management COE ,Pre Production,,,,,,,,,,,,,x
Cyber Security Office,Technology Compliance; Account Administration: eDiscovery,WM Accessibility COE ,Pre Production,,,,,,,,,,,,,x
Cyber Security Office,Technology Compliance; Account Administration: eDiscovery,WM Account Administration Ops ,Pre Production,,,,,,,,,,,,,x
Cyber Security Office,Technology Compliance; Account Administration: eDiscovery,WM eDiscovery ,Pre Production,,,,,,,,,,,,,x
Cyber Security Office,"Insights, Policy and Finance",SecurityPolicy,Pre Production,,,,,,,,,,,,,x
Cyber Security Office,"Insights, Policy and Finance",SecurityStandards&TechnicalBaselines ,Pre Production,,,,,,,,,,,,,x
Cyber Security Office,"Insights, Policy and Finance",Security Governance,Pre Production,,,,,,,,,,,,,x
Cyber Security Office,"Insights, Policy and Finance",Metrics & KPI automation,Pre Production,,,,,,,,,,,,,x
Cyber Security Office,"Insights, Policy and Finance",Key Risk Indicators,Pre Production,,,,,,,,,,,,,x
Cyber Security Office,"Insights, Policy and Finance",Key Performance Indicators,Pre Production,,,,,,,,,,,,,x
Cyber Security Office,"Insights, Policy and Finance",Financial Management ,Pre Production,,,,,,,,,,,,,x
Cyber Security Office,Security Platorm Engineering,Security Platform Architecture,Pre Production,,,,,,,,,,,,,x
Cyber Security Office,Security Platorm Engineering,Solutions Engineering,Pre Production,,,,,,,,,,,,,x
Cyber Security Office,Security Platorm Engineering,Security tools integrations,Pre Production,,,,,,,,,,,,,x
Cyber Security Office,Security Platorm Engineering,Administration and operations of platforms ,Pre Production,,,,,,,,,,,,,x
Cyber Security Office,Security Platorm Engineering,Data collection and data logging ,Pre Production,,,,,,,,,,,,,x
Cyber Security Office,Security Platorm Engineering,Platform tuning ,Pre Production,,,,,,,,,,,,,x
Cyber Security Office,Security Architecture & Product Security,Application Security Architecture ,Pre Production,,,,,,,,,,,,,x
Cyber Security Office,Security Architecture & Product Security,Development security and development of application security solutions to fit development ecosystems,Pre Production,,,,,,,,,,,,,x
Cyber Security Office,Security Architecture & Product Security,Network Security Architecture & Engineering/ configuration oversight for network devices ,Pre Production,,,,,,,,,,,,,x
Cyber Security Office,Security Architecture & Product Security,Remote access solution design and engineering ,Pre Production,,,,,,,,,,,,,x
Cyber Security Office,Security Architecture & Product Security,"Cloud (AWS,Azure,GCP) Security Architecture & Engineering ",Pre Production,,,,,,,,,,,,,x
Ad Products and Content Technology,Content Architecture and Engineering,Mastering software development,Production,,,,,,,,,,,,,x
Ad Products and Content Technology,Content Architecture and Engineering,Vendor integration services including Warner Studios DETE system for automated content file delivery,Production,,,,,,,,,,,,,x
Ad Products and Content Technology,Content Architecture and Engineering,ATOM: Master and metadata management system,Production,,,,,,,,,,,,,x
Ad Products and Content Technology,Content Architecture and Engineering,Media engineering,Production,,,,,,,,,,,,,x
Ad Products and Content Technology,Content Architecture and Engineering,"Cloud operations for supply chain functions including media, master data, ordering",Production,,,,,,,,,,,,,x
Ad Products and Content Technology,Content Architecture and Engineering,Archive/preservation software development,Production,,,,,,,,,,,,,x
Ad Products and Content Technology,Content Architecture and Engineering,Content localization,Production,,,,,,,,,,,,,x
Ad Products and Content Technology,Content Architecture and Engineering,On-prem & cloud-based application architecture,Production,,,,,,,,,,,,,x
Ad Products and Content Technology,Content Architecture and Engineering,Tier 2/Tier 3 application support,Production,,,,,,,,,,,,,x
Ad Products and Content Technology,Technology Solutions,Content supply chain roadmap planning,Production,,,,,,,,,,,,,x
Ad Products and Content Technology,Technology Solutions,Tool and vendor analysis across supply chain tools,Production,,,,,,,,,,,,,x
Ad Products and Content Technology,Technology Solutions,"Product management, project & business analysis across supply chain components",Production,,,,,,,,,,,,,x
Ad Products and Content Technology,Technology Solutions,"Portfolio, program, and project management",Production,,,,,,,,,,,,,x
Ad Products and Content Technology,Technology Solutions,Internal/external communications of content strategic planning,Production,,,,,,,,,,,,,x
Ad Products and Content Technology,Technology Solutions,Client relationship management,Production,,,,,,,,,,,,,x
Ad Products and Content Technology,Technology Solutions,MSC Project Intake,Production,,,,,,,,,,,,,x
Ad Products and Content Technology,Global Operations,"24/7 international linear, VOD, OTT, consumer operations and technology",Production,,,,,,,,,,,,,x
Ad Products and Content Technology,Global Operations,"Design, build, operate studios for scripted, non-scripted, news, sports and live",Production,,,,,,,,,,,,,x
Ad Products and Content Technology,Global Operations,Content admin & sales operations,Production,,,,,,,,,,,,,x
Ad Products and Content Technology,Global Operations,Content ops and origination,Production,,,,,,,,,,,,,x
Ad Products and Content Technology,Global Operations,"LatAm, EMEA & APAC operations",Production,,,,,,,,,,,,,x
Ad Products and Content Technology,Global Operations,"Client relations, BPI/change & content distribution",Production,,,,,,,,,,,,,x
Ad Products and Content Technology,Global Operations,Content security tech & ops,Production,,,,,,,,,,,,,x
Ad Products and Content Technology,Global Operations,Operations portfolio delivery group,Production,,,,,,,,,,,,,x
Ad Products and Content Technology,Media Software Engineering,Media supply chain application development,Production,,,,,,,,,,,x,,x
Ad Products and Content Technology,Media Software Engineering,Content acquisition software development,Production,,,,,,,,,,,x,,x
Ad Products and Content Technology,Media Software Engineering,“Pick | Pack | Ship” software development,Production,,,,,,,,,,,x,,x
Ad Products and Content Technology,Media Software Engineering,Quality control & business assurance,Production,,,,,,,,,,,x,,x
Ad Products and Content Technology,Media Software Engineering,Metadata content workflow architecture & implementation,Production,,,,,,,,,,,x,,x
Ad Products and Content Technology,Media Software Engineering,On-prem & cloud-based application architecture,Production,,,,,,,,,,,x,,x
Ad Products and Content Technology,Media Software Engineering,Tier 2/Tier 3 application support,Production,,,,,,,,,,,x,,x
Ad Products and Content Technology,Ad Product and Revenue Strategy,Content supply chain roadmap planning,Production,,,,,,,,,,,x,,x
Ad Products and Content Technology,Ad Product and Revenue Strategy,Tool and vendor analysis across supply chain tools,Production,,,,,,,,,,,x,,x
Ad Products and Content Technology,Ad Product and Revenue Strategy,"Product management, project & business analysis across supply chain components",Production,,,,,,,,,,,x,,x
Ad Products and Content Technology,Ad Product and Revenue Strategy,"Portfolio, program, and project management",Production,,,,,,,,,,,x,,x
Ad Products and Content Technology,Ad Product and Revenue Strategy,Internal/external communications of content strategic planning,Production,,,,,,,,,,,x,,x
Ad Products and Content Technology,Ad Product and Revenue Strategy,Client relationship management,Production,,,,,,,,,,,x,,x
Ad Products and Content Technology,Ad Product and Revenue Strategy,MSC Project Intake,Production,,,,,,,,,,,x,,x
Ad Products and Content Technology,Audience Product and Business Development,Ad product management and development - audience solutions - across TV and digital/mobile,Production,,,,,,,,,,,x,,x
Ad Products and Content Technology,Audience Product and Business Development,Business development in support of advanced advertising,Production,,,,,,,,,,,x,,x
Ad Products and Content Technology,Audience Product and Business Development,"Portfolio, program, and project management",Production,,,,,,,,,,,x,,x
Ad Products and Content Technology,Audience Product and Business Development,"Liaison between AT&T, DirecTV and WarnerMedia (WMAS + WMTO)",Production,,,,,,,,,,,x,,x
,,,,,,,,,,,,,,,,
,,,,,,,,,,,,,,,,
,,,,,,,,,,,,,,,,
,,,,,,,,,,,,,,,,
,,,,,,,,,,,,,,,,
,,,,,,,,,,,,,,,,
,,,,,,,,,,,,,,,,
,,,,,,,,,,,,,,,,
,,,,,,,,,,,,,,,,
,,,,,,,,,,,,,,,,
,,,,,,,,,,,,,,,,
,,,,,,,,,,,,,,,,
,,,,,,,,,,,,,,,,
,,,,,,,,,,,,,,,,
,,,,,,,,,,,,,,,,
,,,,,,,,,,,,,,,,
,,,,,,,,,,,,,,,,
,,,,,,,,,,,,,,,,
,,,,,,,,,,,,,,,,
,,,,,,,,,,,,,,,,
,,,,,,,,,,,,,,,,
,,,,,,,,,,,,,,,,
,,,,,,,,,,,,,,,,
,,,,,,,,,,,,,,,,
,,,,,,,,,,,,,,,,
,,,,,,,,,,,,,,,,
,,,,,,,,,,,,,,,,
,,,,,,,,,,,,,,,,
,,,,,,,,,,,,,,,,
,,,,,,,,,,,,,,,,
,,,,,,,,,,,,,,,,
,,,,,,,,,,,,,,,,
,,,,,,,,,,,,,,,,
,,,,,,,,,,,,,,,,
,,,,,,,,,,,,,,,,
,,,,,,,,,,,,,,,,
,,,,,,,,,,,,,,,,
,,,,,,,,,,,,,,,,
,,,,,,,,,,,,,,,,
,,,,,,,,,,,,,,,,
,,,,,,,,,,,,,,,,
,,,,,,,,,,,,,,,,
,,,,,,,,,,,,,,,,
,,,,,,,,,,,,,,,,
,,,,,,,,,,,,,,,,
,,,,,,,,,,,,,,,,
,,,,,,,,,,,,,,,,
,,,,,,,,,,,,,,,,
,,,,,,,,,,,,,,,,
,,,,,,,,,,,,,,,,
,,,,,,,,,,,,,,,,
,,,,,,,,,,,,,,,,
,,,,,,,,,,,,,,,,
,,,,,,,,,,,,,,,,
,,,,,,,,,,,,,,,,
,,,,,,,,,,,,,,,,
,,,,,,,,,,,,,,,,
,,,,,,,,,,,,,,,,
,,,,,,,,,,,,,,,,
,,,,,,,,,,,,,,,,
,,,,,,,,,,,,,,,,
,,,,,,,,,,,,,,,,
,,,,,,,,,,,,,,,,
,,,,,,,,,,,,,,,,
,,,,,,,,,,,,,,,,
,,,,,,,,,,,,,,,,
,,,,,,,,,,,,,,,,
,,,,,,,,,,,,,,,,
,,,,,,,,,,,,,,,,
,,,,,,,,,,,,,,,,
,,,,,,,,,,,,,,,,
,,,,,,,,,,,,,,,,
,,,,,,,,,,,,,,,,
,,,,,,,,,,,,,,,,
,,,,,,,,,,,,,,,,
,,,,,,,,,,,,,,,,
,,,,,,,,,,,,,,,,
,,,,,,,,,,,,,,,,
,,,,,,,,,,,,,,,,
,,,,,,,,,,,,,,,,
,,,,,,,,,,,,,,,,
,,,,,,,,,,,,,,,,
,,,,,,,,,,,,,,,,
,,,,,,,,,,,,,,,,
,,,,,,,,,,,,,,,,
,,,,,,,,,,,,,,,,
,,,,,,,,,,,,,,,,
,,,,,,,,,,,,,,,,
,,,,,,,,,,,,,,,,
,,,,,,,,,,,,,,,,
,,,,,,,,,,,,,,,,
,,,,,,,,,,,,,,,,
,,,,,,,,,,,,,,,,
,,,,,,,,,,,,,,,,
,,,,,,,,,,,,,,,,
,,,,,,,,,,,,,,,,
,,,,,,,,,,,,,,,,
,,,,,,,,,,,,,,,,
,,,,,,,,,,,,,,,,
,,,,,,,,,,,,,,,,
,,,,,,,,,,,,,,,,
,,,,,,,,,,,,,,,,
,,,,,,,,,,,,,,,,
,,,,,,,,,,,,,,,,
,,,,,,,,,,,,,,,,
,,,,,,,,,,,,,,,,
,,,,,,,,,,,,,,,,
,,,,,,,,,,,,,,,,
,,,,,,,,,,,,,,,,
,,,,,,,,,,,,,,,,
,,,,,,,,,,,,,,,,
,,,,,,,,,,,,,,,,
,,,,,,,,,,,,,,,,
,,,,,,,,,,,,,,,,
,,,,,,,,,,,,,,,,
,,,,,,,,,,,,,,,,
,,,,,,,,,,,,,,,,
,,,,,,,,,,,,,,,,
,,,,,,,,,,,,,,,,
,,,,,,,,,,,,,,,,
,,,,,,,,,,,,,,,,
,,,,,,,,,,,,,,,,
,,,,,,,,,,,,,,,,
,,,,,,,,,,,,,,,,
,,,,,,,,,,,,,,,,
,,,,,,,,,,,,,,,,
,,,,,,,,,,,,,,,,
,,,,,,,,,,,,,,,,
,,,,,,,,,,,,,,,,
,,,,,,,,,,,,,,,,
,,,,,,,,,,,,,,,,
,,,,,,,,,,,,,,,,
,,,,,,,,,,,,,,,,
,,,,,,,,,,,,,,,,
,,,,,,,,,,,,,,,,
,,,,,,,,,,,,,,,,
,,,,,,,,,,,,,,,,
,,,,,,,,,,,,,,,,
,,,,,,,,,,,,,,,,
,,,,,,,,,,,,,,,,
,,,,,,,,,,,,,,,,
,,,,,,,,,,,,,,,,
,,,,,,,,,,,,,,,,
,,,,,,,,,,,,,,,,
,,,,,,,,,,,,,,,,
,,,,,,,,,,,,,,,,
,,,,,,,,,,,,,,,,
,,,,,,,,,,,,,,,,
,,,,,,,,,,,,,,,,
,,,,,,,,,,,,,,,,
,,,,,,,,,,,,,,,,
,,,,,,,,,,,,,,,,
,,,,,,,,,,,,,,,,
,,,,,,,,,,,,,,,,
,,,,,,,,,,,,,,,,
,,,,,,,,,,,,,,,,
,,,,,,,,,,,,,,,,
,,,,,,,,,,,,,,,,
,,,,,,,,,,,,,,,,
,,,,,,,,,,,,,,,,
,,,,,,,,,,,,,,,,
,,,,,,,,,,,,,,,,
,,,,,,,,,,,,,,,,
,,,,,,,,,,,,,,,,
,,,,,,,,,,,,,,,,
,,,,,,,,,,,,,,,,
,,,,,,,,,,,,,,,,
,,,,,,,,,,,,,,,,
,,,,,,,,,,,,,,,,
,,,,,,,,,,,,,,,,
,,,,,,,,,,,,,,,,
,,,,,,,,,,,,,,,,
,,,,,,,,,,,,,,,,
,,,,,,,,,,,,,,,,
,,,,,,,,,,,,,,,,
,,,,,,,,,,,,,,,,
,,,,,,,,,,,,,,,,
,,,,,,,,,,,,,,,,
,,,,,,,,,,,,,,,,
,,,,,,,,,,,,,,,,
,,,,,,,,,,,,,,,,
,,,,,,,,,,,,,,,,
,,,,,,,,,,,,,,,,
,,,,,,,,,,,,,,,,
,,,,,,,,,,,,,,,,
,,,,,,,,,,,,,,,,
,,,,,,,,,,,,,,,,
,,,,,,,,,,,,,,,,
,,,,,,,,,,,,,,,,
,,,,,,,,,,,,,,,,
,,,,,,,,,,,,,,,,
,,,,,,,,,,,,,,,,
,,,,,,,,,,,,,,,,
,,,,,,,,,,,,,,,,
,,,,,,,,,,,,,,,,
,,,,,,,,,,,,,,,,
,,,,,,,,,,,,,,,,
,,,,,,,,,,,,,,,,
,,,,,,,,,,,,,,,,
,,,,,,,,,,,,,,,,
,,,,,,,,,,,,,,,,
,,,,,,,,,,,,,,,,
,,,,,,,,,,,,,,,,
,,,,,,,,,,,,,,,,
,,,,,,,,,,,,,,,,
,,,,,,,,,,,,,,,,
,,,,,,,,,,,,,,,,
,,,,,,,,,,,,,,,,
,,,,,,,,,,,,,,,,
,,,,,,,,,,,,,,,,
,,,,,,,,,,,,,,,,
,,,,,,,,,,,,,,,,
,,,,,,,,,,,,,,,,
,,,,,,,,,,,,,,,,
,,,,,,,,,,,,,,,,
,,,,,,,,,,,,,,,,
,,,,,,,,,,,,,,,,
,,,,,,,,,,,,,,,,
,,,,,,,,,,,,,,,,
,,,,,,,,,,,,,,,,
